asset,tech,atk,file,model,blocks,fr_blocks,elevated,delay_blocks,detected
S1,T0832,SWaT10,attack,P,3,0,True,0.0,True
S1,T0832,SWaT10,attack,B1,3,0,False,,True
S1,T0832,SWaT10,attack,B2,3,0,True,0.0,True
S1,T0832,SWaT10,attack,B4,3,0,True,0.0,True
S1,T0832,SWaT19,attack,P,2,0,True,0.0,True
S1,T0832,SWaT19,attack,B1,2,0,False,,True
S1,T0832,SWaT19,attack,B2,2,0,True,0.0,True
S1,T0832,SWaT19,attack,B4,2,0,True,0.0,True
S1,T0832,SWaT20,attack,P,2,0,True,0.0,False
S1,T0832,SWaT20,attack,B1,2,0,False,,False
S1,T0832,SWaT20,attack,B2,2,1,False,,False
S1,T0832,SWaT20,attack,B4,2,0,False,,False
S1,T0832,SWaT20,attack,P,3,2,False,,False
S1,T0832,SWaT20,attack,B1,3,0,False,,False
S1,T0832,SWaT20,attack,B2,3,3,False,,False
S1,T0832,SWaT20,attack,B4,3,3,False,,False
S1,T0832,SWaT22,attack,P,2,0,True,0.0,True
S1,T0832,SWaT22,attack,B1,2,0,False,,True
S1,T0832,SWaT22,attack,B2,2,0,True,0.0,True
S1,T0832,SWaT22,attack,B4,2,0,True,0.0,True
S1,T0832,SWaT25,attack,P,3,3,False,,False
S1,T0832,SWaT25,attack,B1,3,0,False,,False
S1,T0832,SWaT25,attack,B2,3,3,False,,False
S1,T0832,SWaT25,attack,B4,3,3,False,,False
S1,T0832,SWaT27,attack,P,121,88,True,13.0,True
S1,T0832,SWaT27,attack,B1,121,0,False,,True
S1,T0832,SWaT27,attack,B2,121,101,True,13.0,True
S1,T0832,SWaT27,attack,B4,121,95,True,13.0,True
S1,T0832,SWaT31,attack,P,3,3,False,,False
S1,T0832,SWaT31,attack,B1,3,0,False,,False
S1,T0832,SWaT31,attack,B2,3,3,False,,False
S1,T0832,SWaT31,attack,B4,3,3,False,,False
S1,T0832,SWaT37,attack,P,2,0,True,0.0,True
S1,T0832,SWaT37,attack,B1,2,0,False,,True
S1,T0832,SWaT37,attack,B2,2,0,True,0.0,True
S1,T0832,SWaT37,attack,B4,2,0,True,0.0,True
S1,T0832,SWaT38,attack,P,2,0,True,0.0,True
S1,T0832,SWaT38,attack,B1,2,0,False,,True
S1,T0832,SWaT38,attack,B2,2,0,True,0.0,True
S1,T0832,SWaT38,attack,B4,2,0,True,0.0,True
S1,T0832,SWaT39,attack,P,3,0,True,0.0,True
S1,T0832,SWaT39,attack,B1,3,0,False,,True
S1,T0832,SWaT39,attack,B2,3,0,True,0.0,True
S1,T0832,SWaT39,attack,B4,3,0,True,0.0,True
S1,T0832,SWaT40,attack,P,2,0,True,0.0,True
S1,T0832,SWaT40,attack,B1,2,0,False,,True
S1,T0832,SWaT40,attack,B2,2,0,True,0.0,True
S1,T0832,SWaT40,attack,B4,2,0,True,0.0,True
S1,T0855,SWaT22,attack,P,2,0,True,0.0,True
S1,T0855,SWaT22,attack,B1,2,0,False,,True
S1,T0855,SWaT22,attack,B2,2,0,True,0.0,True
S1,T0855,SWaT22,attack,B4,2,0,True,0.0,True
S1,T0855,SWaT24,attack,P,2,0,False,,False
S1,T0855,SWaT24,attack,B1,2,0,False,,False
S1,T0855,SWaT24,attack,B2,2,2,False,,False
S1,T0855,SWaT24,attack,B4,2,2,False,,False
S1,T0855,SWaT29,attack,P,2,0,False,,False
S1,T0855,SWaT29,attack,B1,2,0,False,,False
S1,T0855,SWaT29,attack,B2,2,2,False,,False
S1,T0855,SWaT29,attack,B4,2,2,False,,False
S1,T0855,SWaT37,attack,P,2,0,True,0.0,True
S1,T0855,SWaT37,attack,B1,2,0,False,,True
S1,T0855,SWaT37,attack,B2,2,0,True,0.0,True
S1,T0855,SWaT37,attack,B4,2,0,True,0.0,True
