set,asset,tech,model,attacks,blocks,fr,elevated,detected,FR,EL,d_L_dev,miss_obs,miss_pred
2204,H1,T0832,B1,6,12,0,0,6,0.0,0.0,0.652,0.0,0.125
2204,H1,T0832,B2,6,12,4,6,6,0.333,1.0,0.652,0.0,0.125
2204,H1,T0832,B4,6,12,4,6,6,0.333,1.0,0.652,0.0,0.125
2204,H1,T0832,P,6,12,3,6,6,0.25,1.0,0.652,0.0,0.125
2204,H1,T0855-CO,B1,7,14,0,0,7,0.0,0.0,0.688,0.0,0.111
2204,H1,T0855-CO,B2,7,14,2,7,7,0.143,1.0,0.688,0.0,0.111
2204,H1,T0855-CO,B4,7,14,2,7,7,0.143,1.0,0.688,0.0,0.111
2204,H1,T0855-CO,P,7,14,2,7,7,0.143,1.0,0.688,0.0,0.111
2204,H1,T0855-SP,B1,8,15,0,0,0,0.0,0.0,0.006,1.0,0.9
2204,H1,T0855-SP,B2,8,15,15,0,0,1.0,0.0,0.006,1.0,0.9
2204,H1,T0855-SP,B4,8,15,0,0,0,0.0,0.0,0.006,1.0,0.9
2204,H1,T0855-SP,P,8,15,0,0,0,0.0,0.0,0.006,1.0,0.9
2204,H2,T0832,B1,6,13,0,0,5,0.0,0.0,0.479,0.167,0.25
2204,H2,T0832,B2,6,13,4,5,5,0.308,0.833,0.479,0.167,0.25
2204,H2,T0832,B4,6,13,3,5,5,0.231,0.833,0.479,0.167,0.25
2204,H2,T0832,P,6,13,3,5,5,0.231,0.833,0.479,0.167,0.25
2204,H2,T0855-CO,B1,10,20,0,0,7,0.0,0.0,0.436,0.3,0.333
2204,H2,T0855-CO,B2,10,20,7,7,7,0.35,0.7,0.436,0.3,0.333
2204,H2,T0855-CO,B4,10,20,6,7,7,0.3,0.7,0.436,0.3,0.333
2204,H2,T0855-CO,P,10,20,6,7,7,0.3,0.7,0.436,0.3,0.333
2204,H2,T0855-SP,B1,5,10,0,0,0,0.0,0.0,0.009,1.0,0.857
2204,H2,T0855-SP,B2,5,10,10,0,0,1.0,0.0,0.009,1.0,0.857
2204,H2,T0855-SP,B4,5,10,0,0,0,0.0,0.0,0.009,1.0,0.857
2204,H2,T0855-SP,P,5,10,0,0,0,0.0,0.0,0.009,1.0,0.857
2204,H3,T0832,B1,5,9,0,0,4,0.0,0.0,0.418,0.2,0.286
2204,H3,T0832,B2,5,9,4,4,4,0.444,0.8,0.418,0.2,0.286
2204,H3,T0832,B4,5,9,4,4,4,0.444,0.8,0.418,0.2,0.286
2204,H3,T0832,P,5,9,4,4,4,0.444,0.8,0.418,0.2,0.286
2204,H3,T0836,B1,4,4,0,0,0,0.0,0.0,0.01,1.0,0.833
2204,H3,T0836,B2,4,4,4,0,0,1.0,0.0,0.01,1.0,0.833
2204,H3,T0836,B4,4,4,0,0,0,0.0,0.0,0.01,1.0,0.833
2204,H3,T0836,P,4,4,0,0,0,0.0,0.0,0.01,1.0,0.833
2204,H3,T0855-CO,B1,4,7,0,0,3,0.0,0.0,0.343,0.25,0.333
2204,H3,T0855-CO,B2,4,7,3,3,3,0.429,0.75,0.343,0.25,0.333
2204,H3,T0855-CO,B4,4,7,3,3,3,0.429,0.75,0.343,0.25,0.333
2204,H3,T0855-CO,P,4,7,3,3,3,0.429,0.75,0.343,0.25,0.333
2204,H3,T0855-SP,B1,8,14,0,0,0,0.0,0.0,0.006,1.0,0.9
2204,H3,T0855-SP,B2,8,14,14,0,0,1.0,0.0,0.006,1.0,0.9
2204,H3,T0855-SP,B4,8,14,0,0,0,0.0,0.0,0.006,1.0,0.9
2204,H3,T0855-SP,P,8,14,0,0,0,0.0,0.0,0.006,1.0,0.9
2305,H1,T0832,B1,6,9,0,0,6,0.0,0.0,0.652,0.0,0.125
2305,H1,T0832,B2,6,9,0,6,6,0.0,1.0,0.652,0.0,0.125
2305,H1,T0832,B4,6,9,0,6,6,0.0,1.0,0.652,0.0,0.125
2305,H1,T0832,P,6,9,0,6,6,0.0,1.0,0.652,0.0,0.125
2305,H1,T0855-CO,B1,6,10,0,0,6,0.0,0.0,0.688,0.0,0.111
2305,H1,T0855-CO,B2,6,10,0,6,6,0.0,1.0,0.688,0.0,0.111
2305,H1,T0855-CO,B4,6,10,0,6,6,0.0,1.0,0.688,0.0,0.111
2305,H1,T0855-CO,P,6,10,0,6,6,0.0,1.0,0.688,0.0,0.111
2305,H1,T0855-SP,B1,7,14,0,0,0,0.0,0.0,0.006,1.0,0.9
2305,H1,T0855-SP,B2,7,14,14,0,0,1.0,0.0,0.006,1.0,0.9
2305,H1,T0855-SP,B4,7,14,0,0,0,0.0,0.0,0.006,1.0,0.9
2305,H1,T0855-SP,P,7,14,0,0,0,0.0,0.0,0.006,1.0,0.9
2305,H2,T0832,B1,5,14,0,0,5,0.0,0.0,0.479,0.0,0.25
2305,H2,T0832,B2,5,14,7,5,5,0.5,1.0,0.479,0.0,0.25
2305,H2,T0832,B4,5,14,6,5,5,0.429,1.0,0.479,0.0,0.25
2305,H2,T0832,P,5,14,3,5,5,0.214,1.0,0.479,0.0,0.25
2305,H2,T0855-CO,B1,7,16,0,0,4,0.0,0.0,0.436,0.429,0.333
2305,H2,T0855-CO,B2,7,16,11,4,4,0.688,0.571,0.436,0.429,0.333
2305,H2,T0855-CO,B4,7,16,9,4,4,0.562,0.571,0.436,0.429,0.333
2305,H2,T0855-CO,P,7,16,7,4,4,0.438,0.571,0.436,0.429,0.333
2305,H2,T0855-SP,B1,4,6,0,0,0,0.0,0.0,0.009,1.0,0.857
2305,H2,T0855-SP,B2,4,6,6,0,0,1.0,0.0,0.009,1.0,0.857
2305,H2,T0855-SP,B4,4,6,0,0,0,0.0,0.0,0.009,1.0,0.857
2305,H2,T0855-SP,P,4,6,0,0,0,0.0,0.0,0.009,1.0,0.857
2305,H3,T0832,B1,2,3,0,0,1,0.0,0.0,0.418,0.5,0.286
2305,H3,T0832,B2,2,3,2,1,1,0.667,0.5,0.418,0.5,0.286
2305,H3,T0832,B4,2,3,2,1,1,0.667,0.5,0.418,0.5,0.286
2305,H3,T0832,P,2,3,2,1,1,0.667,0.5,0.418,0.5,0.286
2305,H3,T0836,B1,2,9,0,0,0,0.0,0.0,0.01,1.0,0.833
2305,H3,T0836,B2,2,9,9,0,0,1.0,0.0,0.01,1.0,0.833
2305,H3,T0836,B4,2,9,0,0,0,0.0,0.0,0.01,1.0,0.833
2305,H3,T0836,P,2,9,0,0,0,0.0,0.0,0.01,1.0,0.833
2305,H3,T0855-CO,B1,1,1,0,0,0,0.0,0.0,0.343,1.0,0.333
2305,H3,T0855-CO,B2,1,1,1,0,0,1.0,0.0,0.343,1.0,0.333
2305,H3,T0855-CO,B4,1,1,1,0,0,1.0,0.0,0.343,1.0,0.333
2305,H3,T0855-CO,P,1,1,1,0,0,1.0,0.0,0.343,1.0,0.333
2305,H3,T0855-SP,B1,2,3,0,0,0,0.0,0.0,0.006,1.0,0.9
2305,H3,T0855-SP,B2,2,3,3,0,0,1.0,0.0,0.006,1.0,0.9
2305,H3,T0855-SP,B4,2,3,0,0,0,0.0,0.0,0.006,1.0,0.9
2305,H3,T0855-SP,P,2,3,0,0,0,0.0,0.0,0.006,1.0,0.9
2103,H1,T0832,B1,3,8,0,0,3,0.0,0.0,0.652,0.0,0.125
2103,H1,T0832,B2,3,8,2,3,3,0.25,1.0,0.652,0.0,0.125
2103,H1,T0832,B4,3,8,2,3,3,0.25,1.0,0.652,0.0,0.125
2103,H1,T0832,P,3,8,2,3,3,0.25,1.0,0.652,0.0,0.125
2103,H1,T0855-CO,B1,6,11,0,0,6,0.0,0.0,0.688,0.0,0.111
2103,H1,T0855-CO,B2,6,11,2,6,6,0.182,1.0,0.688,0.0,0.111
2103,H1,T0855-CO,B4,6,11,2,6,6,0.182,1.0,0.688,0.0,0.111
2103,H1,T0855-CO,P,6,11,2,6,6,0.182,1.0,0.688,0.0,0.111
2103,H1,T0855-SP,B1,6,11,0,0,0,0.0,0.0,0.006,1.0,0.9
2103,H1,T0855-SP,B2,6,11,11,0,0,1.0,0.0,0.006,1.0,0.9
2103,H1,T0855-SP,B4,6,11,0,0,0,0.0,0.0,0.006,1.0,0.9
2103,H1,T0855-SP,P,6,11,0,0,0,0.0,0.0,0.006,1.0,0.9
2103,H2,T0832,B1,8,16,0,0,8,0.0,0.0,0.479,0.0,0.25
2103,H2,T0832,B2,8,16,2,8,8,0.125,1.0,0.479,0.0,0.25
2103,H2,T0832,B4,8,16,2,8,8,0.125,1.0,0.479,0.0,0.25
2103,H2,T0832,P,8,16,2,8,8,0.125,1.0,0.479,0.0,0.25
2103,H2,T0855-CO,B1,9,16,0,0,7,0.0,0.0,0.436,0.222,0.333
2103,H2,T0855-CO,B2,9,16,4,8,7,0.25,0.889,0.436,0.222,0.333
2103,H2,T0855-CO,B4,9,16,4,8,7,0.25,0.889,0.436,0.222,0.333
2103,H2,T0855-CO,P,9,16,4,8,7,0.25,0.889,0.436,0.222,0.333
2103,H2,T0855-SP,B1,7,14,0,0,0,0.0,0.0,0.009,1.0,0.857
2103,H2,T0855-SP,B2,7,14,14,0,0,1.0,0.0,0.009,1.0,0.857
2103,H2,T0855-SP,B4,7,14,0,0,0,0.0,0.0,0.009,1.0,0.857
2103,H2,T0855-SP,P,7,14,0,0,0,0.0,0.0,0.009,1.0,0.857
2103,H3,T0832,B1,4,7,0,0,4,0.0,0.0,0.418,0.0,0.286
2103,H3,T0832,B2,4,7,1,4,4,0.143,1.0,0.418,0.0,0.286
2103,H3,T0832,B4,4,7,1,4,4,0.143,1.0,0.418,0.0,0.286
2103,H3,T0832,P,4,7,1,4,4,0.143,1.0,0.418,0.0,0.286
2103,H3,T0836,B1,9,14,0,0,0,0.0,0.0,0.01,1.0,0.833
2103,H3,T0836,B2,9,14,14,0,0,1.0,0.0,0.01,1.0,0.833
2103,H3,T0836,B4,9,14,0,0,0,0.0,0.0,0.01,1.0,0.833
2103,H3,T0836,P,9,14,0,0,0,0.0,0.0,0.01,1.0,0.833
2103,H3,T0855-CO,B1,7,12,0,0,7,0.0,0.0,0.343,0.0,0.333
2103,H3,T0855-CO,B2,7,12,0,7,7,0.0,1.0,0.343,0.0,0.333
2103,H3,T0855-CO,B4,7,12,0,7,7,0.0,1.0,0.343,0.0,0.333
2103,H3,T0855-CO,P,7,12,0,7,7,0.0,1.0,0.343,0.0,0.333
2103,H3,T0855-SP,B1,9,17,0,0,0,0.0,0.0,0.006,1.0,0.9
2103,H3,T0855-SP,B2,9,17,17,0,0,1.0,0.0,0.006,1.0,0.9
2103,H3,T0855-SP,B4,9,17,0,0,0,0.0,0.0,0.006,1.0,0.9
2103,H3,T0855-SP,P,9,17,0,0,0,0.0,0.0,0.006,1.0,0.9
swat (LOO),S1,T0832,B1,11,148,0,0,8,0.0,0.0,0.427,0.273,0.357
swat (LOO),S1,T0832,B2,11,148,111,8,8,0.75,0.727,0.427,0.273,0.357
swat (LOO),S1,T0832,B4,11,148,104,8,8,0.703,0.727,0.427,0.273,0.357
swat (LOO),S1,T0832,P,11,148,96,9,8,0.649,0.818,0.427,0.273,0.357
swat (LOO),S1,T0855,B1,4,8,0,0,2,0.0,0.0,0.189,0.5,0.5
swat (LOO),S1,T0855,B2,4,8,4,2,2,0.5,0.5,0.189,0.5,0.5
swat (LOO),S1,T0855,B4,4,8,4,2,2,0.5,0.5,0.189,0.5,0.5
swat (LOO),S1,T0855,P,4,8,0,2,2,0.0,0.5,0.189,0.5,0.5
