id,file,start,duration_s,scenarios,points_eval,check
A101,test1,2020-07-07 15:35:11,192,AP01,P1_B2016,
A102,test1,2020-07-07 17:28:11,98,AP06,P1_B3005,
A103,test1,2020-07-07 18:59:11,190,AP13,P1_LCV01D,
A104,test1,2020-07-07 20:21:06,60,AP18,P2_SCO,
A105,test1,2020-07-07 21:03:21,89,AP16,P2_AutoSD,
A201,test2,2020-07-09 15:47:00,83,AP22,P2_VTR02,
A202,test2,2020-07-09 17:38:00,422,AP02,P1_B2016;P1_PIT01,
A203,test2,2020-07-09 18:59:06,17,AP15,P1_LCV01D,
A204,test2,2020-07-09 20:10:00,259,AP07,P1_B3005;P1_FT03,
A205,test2,2020-07-09 21:15:00,123,AP05,P1_B2016,
A206,test2,2020-07-09 23:02:00,256,AP09,P1_FCV03D;P1_FT03,
A207,test2,2020-07-10 01:08:00,68,AP21,P2_VTR01,
A208,test2,2020-07-10 01:33:01,261,AP12,P1_B3004;P1_LIT01,
A209,test2,2020-07-10 03:03:11,199,AP11,P1_B3004,duration 199 s in labels vs 159 s in document
A210,test2,2020-07-10 05:29:00,421,AP04,P1_PCV01D;P1_PIT01,
A211,test2,2020-07-10 07:51:06,45,AP20,P2_AutoSD,
A212,test2,2020-07-10 09:13:01,152,AP17,P2_AutoSD;P2_SIT01,
A213,test2,2020-07-10 10:49:03,254,AP14,P1_LCV01D;P1_LIT01,
A214,test2,2020-07-10 12:51:11,152,AP03,P1_PCV01D,
A215,test2,2020-07-10 15:11:04,151,AP19,P2_SCO;P2_SIT01,
A216,test2,2020-07-10 15:40:06,65,AP10,P1_FCV03D,
A217,test2,2020-07-10 16:22:04,184,AP23,P2_RTR,
A218,test2,2020-07-10 18:21:13,99,AP08,P1_FCV03D,
A219,test2,2020-07-10 21:25:03,119,AP24,P3_LCP01D,
A220,test2,2020-07-10 22:56:03,119,AP25,P3_LCV01D,document lists P2_LCV01D for AP25 (P3-LC-CO2); read as P3_LCV01D
A301,test3,2020-07-13 13:51:06,132,AP15+AP06,P1_LCV01D;P1_B3005,
A302,test3,2020-07-13 15:21:00,421,AP02+AP06,P1_B2016;P1_PIT01;P1_B3005,
A303,test3,2020-07-13 18:11:08,189,AP03+AP13,P1_PCV01D;P1_LCV01D,
A304,test3,2020-07-13 20:53:02,106,AP16+AP21,P2_AutoSD;P2_VTR01,
A305,test3,2020-07-13 21:23:00,84,AP18+AP22,P2_SCO;P2_VTR02,
A306,test3,2020-07-13 23:55:11,238,AP01+AP16,P1_B2016;P2_AutoSD,
A307,test3,2020-07-14 01:51:02,110,AP08+AP21,P1_FCV03D;P2_VTR01,
A308,test3,2020-07-14 03:53:01,255,AP14+AP20,P1_LCV01D;P1_LIT01;P2_AutoSD,
A401,test4,2020-07-28 12:43:03,254,AP03+AP12,P1_PCV01D;P1_B3004;P1_LIT01,
A402,test4,2020-07-28 13:45:00,262,AP07+AP25,P1_B3005;P1_FT03;P3_LCV01D,document lists P2_LCV01D for AP25 (P3-LC-CO2); read as P3_LCV01D
A403,test4,2020-07-28 15:57:01,263,AP12+AP25,P1_B3004;P1_LIT01;P3_LCV01D,document lists P2_LCV01D for AP25 (P3-LC-CO2); read as P3_LCV01D
A404,test4,2020-07-28 17:45:02,258,AP19+AP14,P2_SCO;P2_SIT01;P1_LCV01D;P1_LIT01,
A405,test4,2020-07-28 20:47:01,120,AP20+AP25,P2_AutoSD;P3_LCV01D,document lists P2_LCV01D for AP25 (P3-LC-CO2); read as P3_LCV01D
A501,test5,2020-07-30 11:16:00,172,AP03+AP22,P1_PCV01D;P2_VTR02,
A502,test5,2020-07-30 13:30:03,258,AP09+AP18,P1_FCV03D;P1_FT03;P2_SCO,
A503,test5,2020-07-30 16:05:08,256,AP12+AP18,P1_B3004;P1_LIT01;P2_SCO,
A504,test5,2020-07-30 17:45:00,120,AP08+AP25,P1_FCV03D;P3_LCV01D,document lists P2_LCV01D for AP25 (P3-LC-CO2); read as P3_LCV01D
A505,test5,2020-07-30 18:38:09,203,AP11+AP20,P1_B3004;P2_AutoSD,
A506,test5,2020-07-30 20:42:03,153,AP19+AP25,P2_SCO;P2_SIT01;P3_LCV01D,document lists P2_LCV01D for AP25 (P3-LC-CO2); read as P3_LCV01D
A507,test5,2020-07-30 23:13:05,79,AP20+AP21,P2_AutoSD;P2_VTR01,
A508,test5,2020-07-31 01:15:06,51,AP10+AP15,P1_FCV03D;P1_LCV01D,
A509,test5,2020-07-31 02:01:11,241,AP01+AP03,P1_B2016;P1_PCV01D,
A510,test5,2020-07-31 09:54:01,262,AP11+AP14,P1_B3004;P1_LCV01D;P1_LIT01,
A511,test5,2020-07-31 10:40:00,120,AP23+AP25,P2_RTR;P3_LCV01D,document lists P2_LCV01D for AP25 (P3-LC-CO2); read as P3_LCV01D
A512,test5,2020-07-31 11:20:59,262,AP06+AP09,P1_B3005;P1_FCV03D;P1_FT03,
