id,file,start,duration_s,scenarios,controllers,points_eval,check
A101,test1,2022-08-12 16:25:04,238,AP01,P1-PC-SP1,P1_B2016,
A102,test1,2022-08-12 17:35:01,199,AP02,P1-PC-SP1PV1,P1_B2016;P1_PIT01,
A103,test1,2022-08-12 18:32:17,157,AP04,P1-PC-CO1,P1_PCV01D,
A104,test1,2022-08-12 19:21:04,165,AP05,P1-PC-CO1PV1,P1_PCV01D;P1_PIT01,
A105,test1,2022-08-12 20:43:01,162,AP07,P1-PC-CO1-ST,P1_PCV01D,
A106,test1,2022-08-12 21:36:01,198,AP03,P1-PC-SP1PV1PV2,P1_B2016;P1_PIT01,
A107,test1,2022-08-12 22:47:01,605,AP40,P1-PC-SP1-LT,P1_B2016,
A108,test1,2022-08-12 23:35:15,97,AP08,P1-FC-SP1,P1_B3005,
A109,test1,2022-08-13 00:25:04,131,AP09,P1-FC-SP1PV1,P1_B3005;P1_FT03,
A110,test1,2022-08-13 01:34:09,56,AP11,P1-FC-CO1,P1_FCV03D,
A111,test1,2022-08-13 02:21:04,132,AP12,P1-FC-CO1PV1,P1_FCV03D;P1_FT03,
A112,test1,2022-08-13 03:26:03,79,AP13,P1-FC-CO1-ST,P1_FCV03D,
A113,test1,2022-08-13 04:43:02,134,AP10,P1-FC-SP1PV1PV2,P1_B3005;P1_FT03;P1_LIT01,
A114,test1,2022-08-13 05:40:08,628,AP41,P1-FC-SP1-LT,P1_B3005,
A201,test2,2022-08-17 01:27:00,133,AP14,P1-LC-SP1,P1_B3004,
A202,test2,2022-08-17 03:37:00,132,AP15,P1-LC-SP1PV1,P1_B3004;P1_LIT01,
A203,test2,2022-08-17 04:21:00,69,AP16,P1-LC-CO1,P1_LCV01D,
A204,test2,2022-08-17 05:46:00,123,AP17,P1-LC-CO1PV1,P1_LCV01D;P1_LIT01,
A205,test2,2022-08-17 06:21:00,86,AP18,P1-LC-CO1-ST,P1_LCV01D,
A206,test2,2022-08-17 08:36:00,197,AP03,P1-PC-SP1PV1PV2,P1_B2016;P1_PIT01;P1_FT01,doc says 'P1_FIT' (truncated); read as FT01/FT03 as in 22.04
A207,test2,2022-08-17 09:42:00,615,AP43,P1-LC-CO1-LT,P1_LCV01D,
A208,test2,2022-08-17 10:36:00,134,AP42,P1-LC-CO1PV1PV2,P1_LCV01D;P1_LIT01;P1_FT03,doc says 'P1_FIT' (truncated); read as FT01/FT03 as in 22.04
A209,test2,2022-08-17 11:35:00,86,AP23,P1-CC-CO1,P1_PP04,
A210,test2,2022-08-17 12:25:00,89,AP23,P1-CC-CO1,P1_PP04,
A211,test2,2022-08-17 13:47:00,205,AP46,P1-CC-CO1PV1,P1_PP04;P1_TIT03,
A212,test2,2022-08-17 14:25:00,128,AP24,P1-CC-CO1-ST,P1_PP04,
A213,test2,2022-08-17 15:13:00,540,AP25,P1-CC-SP1-LT,P1_PP04SP,
A214,test2,2022-08-17 17:34:00,62,AP19,P1-TC-CO1,P1_FCV01D,
A215,test2,2022-08-17 18:16:00,148,AP20,P1-TC-CO1PV1,P1_FCV01D;P1_TIT01,
A216,test2,2022-08-17 19:40:00,96,AP21,P1-TC-CO1-ST,P1_FCV01D,
A217,test2,2022-08-17 20:12:00,506,AP22,P1-TC-SP1-LT,P1_B4002,
A218,test2,2022-08-17 22:41:00,215,AP07,P1-PC-CO1-ST,P1_PCV01D,
A219,test2,2022-08-17 23:38:00,132,AP13,P1-FC-CO1-ST,P1_FCV03D,
A220,test2,2022-08-18 13:48:00,132,AE03,P1-LC-CO-AVALGEN,EXCLUDED,AE attack on DCS-internal point; tag mapped to controller output by me
A221,test2,2022-08-18 14:58:00,83,AE08,P1-HC-SP-LOWMON,EXCLUDED,AE attack on DCS-internal point; tag mapped to controller output by me; no process tag known
A222,test2,2022-08-18 16:20:00,212,AE01,P1-PC-CO-AVALGEN,EXCLUDED,AE attack on DCS-internal point; tag mapped to controller output by me
A223,test2,2022-08-18 17:38:00,80,AE07,P1-CC-CO-FUNCTION,EXCLUDED,AE attack on DCS-internal point; tag mapped to controller output by me
A224,test2,2022-08-18 18:45:00,108,AP14+AP26,P1-LC-SP1+P2-SC-SP1,P1_B3004;P2_AutoSD,
A225,test2,2022-08-18 19:21:00,61,AP16+AP32,P1-LC-CO1+P2-TC-SP1,P1_LCV01D;P2_VTR01,
A226,test2,2022-08-18 20:32:00,119,AP04+AP11,P1-PC-CO1+P1-FC-CO1,P1_PCV01D;P1_FCV03D,
A227,test2,2022-08-18 21:41:00,133,AP09+AP14,P1-FC-SP1PV1+P1-LC-SP1,P1_B3005;P1_FT03;P1_B3004,
A228,test2,2022-08-18 23:15:00,156,AP05+AP30,P1-PC-CO1PV1+P2-SC-CO1PV1,P1_PCV01D;P1_PIT01;P2_SCO;P2_SIT01,
A229,test2,2022-08-19 01:23:00,116,AP45+AP01,P1-TC-SP1+P1-PC-SP1,P1_B4002;P1_B2016,
A230,test2,2022-08-19 02:43:00,155,AP19+AP02,P1-TC-CO1+P1-PC-SP1PV1,P1_FCV01D;P1_B2016;P1_PIT01,
A231,test2,2022-08-19 04:34:00,96,AP08+AP35,P1-FC-SP1+P3-LC-CO1,P1_B3005;P3_LCP01D,
A232,test2,2022-08-19 05:14:00,154,AP45+AP27,P1-TC-SP1+P2-SC-SP1PV1,P1_B4002;P2_AutoSD;P2_SIT01,
A233,test2,2022-08-19 06:46:00,2052,AP44+AP47,P1-LC-CO1PV1-LT+P2-TC-SP2-LT,P1_LCV01D;P1_LIT01;P2_VTR02,
A234,test2,2022-08-19 08:24:00,530,AP25,P1-CC-SP1-LT,P1_PP04SP,
A235,test2,2022-08-19 09:27:00,87,AE05,P1-TC-PV_FUNCTION1,EXCLUDED,AE attack on DCS-internal point; tag mapped to controller output by me
A236,test2,2022-08-19 10:34:00,120,AE06,P1-TC-PV_FUNCTION2,EXCLUDED,AE attack on DCS-internal point; tag mapped to controller output by me
A237,test2,2022-08-19 14:18:00,190,AE05,P1-PC-CO_FUNCTION,EXCLUDED,AE attack on DCS-internal point; tag mapped to controller output by me
A238,test2,2022-08-19 14:51:00,123,AE06,P1-LC-CO_FUNCTION,EXCLUDED,AE attack on DCS-internal point; tag mapped to controller output by me
