id,file,points_eval
SWaT1,attack,MV101
SWaT2,attack,P102
SWaT3,attack,LIT101
SWaT4,attack,MV504
SWaT6,attack,AIT202
SWaT7,attack,LIT301
SWaT8,attack,DPIT301
SWaT10,attack,FIT401
SWaT21,attack,MV101;LIT101
SWaT13,attack,MV304
SWaT14,attack,MV303
SWaT16,attack,LIT301
SWaT17,attack,MV303
SWaT19,attack,AIT504
SWaT20,attack,AIT504
SWaT20,attack,AIT504
SWaT22,attack,UV401;AIT502;P501
SWaT23,attack,P602;DIT301;MV302
SWaT24,attack,P203;P205
SWaT25,attack,LIT401;P401
SWaT26,attack,P101;LIT301
SWaT27,attack,P302;LIT401
SWaT29,attack,P201;P203;P205
SWaT30,attack,LIT101;P101;MV201
SWaT31,attack,LIT401
SWaT32,attack,LIT301
SWaT33,attack,LIT101
SWaT34,attack,P101
SWaT35,attack,P101;P102
SWaT36,attack,LIT101
SWaT37,attack,P501;FIT502
SWaT38,attack,AIT402;AIT502
SWaT39,attack,FIT401;AIT502
SWaT40,attack,FIT401
SWaT41,attack,LIT301
